lemma,categ,categ_alt,Contentword,proposed_lemma,proposed_categ,proposed_CW
1,XXX,n,Y,,,N
1909,XXX,n,Y,,,N
1920,XXX,n,Y,,,N
2,XXX,n,Y,,,N
325,XXX,n,Y,,,N
3251,XXX,n,Y,,,N
326,XXX,n,Y,,,N
327,XXX,n,Y,,,N
328,XXX,n,Y,,,N
329,XXX,n,Y,,,N
330,XXX,n,Y,,,N
Ah,ONO,adv,N,,,N
Ah,ONO,n,N,,,N
Admire,VER,n,Y,admirer,VER,Y
612,XXX,n,Y,,,N
Acheva,VER,np,Y,achever,VER,Y
Admirer,VER,np,Y,admirer,VER,Y
Afrique,XXX,np,Y,Afrique,NOM,Y
Allons,VER,n,Y,aller,VER,Y
Amérique,NOM,np,Y,Amérique,NOM,Y
Arizona,XXX,np,Y,Arizona,NOM,Y
Astronomie,NOM,np,Y,astronomie,NOM,Y
Australie,XXX,np,Y,Australie,NOM,Y
B,NOM,n,Y,,,N
B,NOM,np,Y,,,N
Ben,NOM,v,Y,,,N
Bonjour,NOM,np,Y,Bonjour,NOM,Y
Bonjour,XXX,np,Y,Bonjour,NOM,Y
Bonsoir,NOM,np,Y,Bonsoir,NOM,Y
Car,CON,np,Y,,,N
Chine,NOM,np,Y,Chine,NOM,Y
Cinq,ADJ,np,Y,cinq,ADJ,Y
Combien,ADV,adv,Y,combien,ADV,Y
Comme,CON,adv,Y,comme,ADV,Y
Comment,ADV,adv,Y,comment,ADV,Y
Crois,VER,n,Y,croire,VER,Y
Demandez,VER,np,Y,demander,VER,Y
Dessine,VER,np,Y,dessiner,VER,Y
Dieu,NOM,np,Y,dieu,NOM,Y
Dis,VER,np,Y,dire,VER,Y
Europe,XXX,np,Y,Europe,NOM,Y
Exact,ADJ,n,Y,exact,ADJ,Y
Fais,VER,n,Y,faire,VER,Y
Faites,VER,n,Y,faire,VER,Y
France,XXX,np,Y,France,NOM,Y
Hein,ONO,np,Y,,,N
Hem,ONO,n,Y,,,N
Honte,NOM,np,Y,honte,NOM,Y
Hum,ONO,np,Y,,,N
Interrogea,VER,n,Y,interroger,VER,Y
Jupiter,XXX,np,Y,Jupiter,NOM,Y
Justement,ADV,np,Y,justement,ADV,Y
Lui,PRO,np,N,,,N
Majesté,NOM,np,Y,majesté,NOM,Y
Monsieur,NOM,n,Y,monsieur,NOM,Y
N',ADV,adv,N,,,N
Ne,ADV,adv,N,,,N
Nouvelle-Zélande,NOM,np,Y,Nouvelle-Zélande,NOM,Y
Noël,NOM,np,Y,Noël,NOM,Y
Océan,NOM,np,Y,océan,NOM,Y
Ordonnez,VER,np,Y,ordonner,VER,Y
Ouf,ONO,np,Y,,,N
Oui,ADV,np,Y,oui,ADV,Y
Où,PRO,adv,N,,,N
Parce,ADV,np,Y,,,N
Pardon,XXX,np,Y,pardon,NOM,Y
Pardonnez,VER,np,Y,pardonner,VER,Y
Pas,ADV,adv,N,,,N
Personne,PRO,np,Y,personne,NOM,Y
Pourquoi,ADV,adv,Y,pourquoi,ADV,Y
Quant,NOM,np,Y,,,N
Rappela,VER,np,Y,rappeler,VER,Y
Regardez,VER,np,Y,regarder,VER,Y
Reviens,VER,n,Y,revenir,VER,Y
Riposta,VER,np,Y,riposter,VER,Y
Russie,XXX,np,Y,Russie,NOM,Y
Répéta,VER,np,Y,répéter,VER,Y
Sahara,XXX,n,Y,Sahara,NOM,Y
Sibérie,XXX,np,Y,Sibérie,NOM,Y
Soyez,VER,np,Y,être,VER,Y
Sud,NOM,np,Y,Sud,NOM,Y
Sûrement,ADV,v,Y,sûrement,ADV,Y
Terre,NOM,np,Y,Terre,NOM,Y
Terre,XXX,np,Y,Terre,NOM,Y
Tes,ADJ,n,N,,,N
Toi,PRO,np,N,,,N
Tu,PRO,n,N,,,N
Viens,VER,n,Y,venir,VER,Y
Vierge,ADJ,np,Y,vierge,ADJ,Y
Voulais,VER,n,Y,vouloir,VER,Y
Voyons,VER,n,Y,voir,VER,Y
Vécues,VER,np,Y,vivre,VER,Y
Vénus,NOM,np,Y,Vénus,NOM,Y
abaisser,VER,v,Y,abaisser,VER,Y
abandonner,VER,v,Y,abandonner,VER,Y
abeille,NOM,n,Y,abeille,NOM,Y
abord,NOM,n,Y,abord,NOM,Y
abord,NOM,nc,Y,abord,NOM,Y
aborder,VER,v,Y,aborder,VER,Y
abri,NOM,n,Y,abri,NOM,Y
abriter,VER,v,Y,abriter,VER,Y
absence,NOM,n,Y,absence,NOM,Y
absolu,ADJ,adj,Y,absolu,ADJ,Y
absolument,ADV,adv,Y,absolument,ADV,Y
absurde,ADJ,adj,Y,absurde,ADJ,Y
absurde,ADJ,n,Y,absurde,ADJ,Y
absurde,ADJ,v,Y,absurde,ADJ,Y
abîme,NOM,n,Y,abîme,NOM,Y
acclame,VER,n,Y,acclame,VER,Y
accord,NOM,n,Y,accord,NOM,Y
acheter,VER,v,Y,acheter,VER,Y
achever,VER,v,Y,achever,VER,Y
acte,NOM,n,Y,acte,NOM,Y
activité,NOM,n,Y,activité,NOM,Y
addition,NOM,n,Y,addition,NOM,Y
adieu,ONO,n,Y,adieu,ONO,Y
adieu,XXX,n,Y,adieu,XXX,Y
admirateur,NOM,n,Y,admirateur,NOM,Y
admiration,NOM,n,Y,admiration,NOM,Y
admire,VER,n,Y,admire,VER,Y
admirer,VER,v,Y,admirer,VER,Y
adorer,VER,v,Y,adorer,VER,Y
afin,ADV,prep,Y,afin,ADV,Y
agacer,ADJ,v,Y,agacer,ADJ,Y
agacer,VER,v,Y,agacer,VER,Y
agir,VER,v,Y,agir,VER,Y
agiter,VER,v,Y,agiter,VER,Y
agiterai,VER,n,Y,agiterai,VER,Y
ah,ONO,n,N,ah,ONO,N
ai,AUX,n,Y,ai,AUX,Y
aider,VER,v,Y,aider,VER,Y
aiguillage,NOM,n,Y,aiguillage,NOM,Y
aiguille,NOM,n,Y,aiguille,NOM,Y
aiguilleur,NOM,n,Y,aiguilleur,NOM,Y
aiguiser,ADJ,v,Y,aiguiser,ADJ,Y
ailler,VER,v,Y,ailler,VER,Y
aimer,VER,v,Y,aimer,VER,Y
aimes,VER,n,Y,aimes,VER,Y
ainsi,ADV,adv,Y,ainsi,ADV,Y
air,NOM,n,Y,air,NOM,Y
aisément,ADV,v,Y,aisément,ADV,Y
ajouta,VER,n,Y,ajouta,VER,Y
ajouter,VER,v,Y,ajouter,VER,Y
ajouté,VER,adj,Y,ajouté,VER,Y
ajuster,VER,v,Y,ajuster,VER,Y
aliment,NOM,n,Y,aliment,NOM,Y
aller,VER,v,Y,aller,VER,Y
allumer,VER,v,Y,allumer,VER,Y
allumeur,NOM,n,Y,allumeur,NOM,Y
alors,ADV,adv,Y,alors,ADV,Y
ambassadeur,NOM,n,Y,ambassadeur,NOM,Y
ami,NOM,n,Y,ami,NOM,Y
amour,NOM,n,Y,amour,NOM,Y
amusant,ADJ,adj,Y,amusant,ADJ,Y
amuser,VER,v,Y,amuser,VER,Y
améliorer,VER,v,Y,améliorer,VER,Y
an,NOM,n,Y,an,NOM,Y
ancien,ADJ,adj,Y,ancien,ADJ,Y
animer,ADJ,v,Y,animer,ADJ,Y
anneau,NOM,n,Y,anneau,NOM,Y
anniversaire,NOM,n,Y,anniversaire,NOM,Y
annoncer,VER,v,Y,annoncer,VER,Y
année,NOM,n,Y,année,NOM,Y
anéantir,VER,v,Y,anéantir,VER,Y
apaiser,VER,v,Y,apaiser,VER,Y
apercevais,VER,n,Y,apercevais,VER,Y
apercevoir,VER,v,Y,apercevoir,VER,Y
aperçut,VER,n,Y,aperçut,VER,Y
aplomb,NOM,n,Y,aplomb,NOM,Y
apparaître,VER,v,Y,apparaître,VER,Y
apparence,NOM,n,Y,apparence,NOM,Y
apparition,NOM,n,Y,apparition,NOM,Y
appeler,VER,v,Y,appeler,VER,Y
appliquer,VER,v,Y,appliquer,VER,Y
apporter,VER,v,Y,apporter,VER,Y
apprendre,VER,v,Y,apprendre,VER,Y
apprivoise,VER,n,Y,apprivoise,VER,Y
apprivoiser,VER,v,Y,apprivoiser,VER,Y
apprivoiser,XXX,v,Y,apprivoiser,XXX,Y
approche,VER,n,Y,approche,VER,Y
après,PRE,prep,Y,après,PRE,Y
après-midi,NOM,n,Y,après-midi,NOM,Y
arbre,NOM,n,Y,arbre,NOM,Y
arbuste,NOM,n,Y,arbuste,NOM,Y
armure,NOM,n,Y,armure,NOM,Y
armée,NOM,n,Y,armée,NOM,Y
arracher,VER,v,Y,arracher,VER,Y
arriver,VER,v,Y,arriver,VER,Y
arrivé,NOM,n,Y,arrivé,NOM,Y
arroser,VER,v,Y,arroser,VER,Y
arrosoir,NOM,n,Y,arrosoir,NOM,Y
as,AUX,n,Y,as,AUX,Y
ascension,NOM,n,Y,ascension,NOM,Y
asseoir,VER,v,Y,asseoir,VER,Y
assez,ADV,adv,Y,assez,ADV,Y
assister,VER,v,Y,assister,VER,Y
assoiras,VER,n,Y,assoiras,VER,Y
astreindre,VER,v,Y,astreindre,VER,Y
astronome,NOM,n,Y,astronome,NOM,Y
astéroïde,NOM,n,Y,astéroïde,NOM,Y
attache,NOM,n,Y,attache,NOM,Y
attacher,VER,n,Y,attacher,VER,Y
attacher,VER,v,Y,attacher,VER,Y
atteindre,VER,v,Y,atteindre,VER,Y
attendre,VER,v,Y,attendre,VER,Y
attendrir,VER,v,Y,attendrir,VER,Y
attention,ONO,n,Y,attention,ONO,Y
attentivement,ADV,adv,Y,attentivement,ADV,Y
au,ART,n,Y,au,ART,Y
au,ART,v,Y,au,ART,Y
au-dessus,ADV,adv,Y,au-dessus,ADV,Y
aucun,ADJ,det,Y,aucun,ADJ,Y
aujourd'hui,NOM,n,Y,aujourd'hui,NOM,Y
auprès,PRE,adv,Y,auprès,PRE,Y
aura,VER,n,N,aura,VER,N
aurais,AUX,n,N,aurais,AUX,N
aussi,ADV,adv,Y,aussi,ADV,Y
aussitôt,ADV,adv,Y,aussitôt,ADV,Y
autorité,NOM,n,Y,autorité,NOM,Y
autour,ADV,adv,Y,autour,ADV,Y
autre,ADJ,adj,Y,autre,ADJ,Y
autre,ADJ,pro,Y,autre,ADJ,Y
autre,PRO,adj,Y,autre,PRO,Y
autrefois,ADV,n,Y,autrefois,ADV,Y
autrui,PRO,n,Y,autrui,PRO,Y
avais,AUX,n,N,avais,AUX,N
aval,VER,adj,Y,aval,VER,Y
avaler,VER,v,Y,avaler,VER,Y
avance,NOM,n,Y,avance,NOM,Y
avancer,VER,v,Y,avancer,VER,Y
avant,PRE,prep,Y,avant,PRE,Y
avec,PRE,prep,Y,avec,PRE,Y
aventure,NOM,n,Y,aventure,NOM,Y
avertir,VER,v,Y,avertir,VER,Y
aveugle,ADJ,adj,Y,aveugle,ADJ,Y
avion,NOM,n,Y,avion,NOM,Y
avion,VER,n,Y,avion,VER,Y
avis,NOM,n,Y,avis,NOM,Y
avoir,AUX,AUX,Y,avoir,AUX,Y
avoir,AUX,auxAvoir,N,avoir,AUX,N
avoir,AUX,auxAvoir,Y,avoir,AUX,Y
avoir,AUX,v,N,avoir,AUX,N
avoir,AUX,v,Y,avoir,AUX,Y
avoir,VER,adv,Y,avoir,VER,Y
avoir,VER,auxAvoir,N,avoir,VER,N
avoir,VER,auxAvoir,Y,avoir,VER,Y
avoir,VER,v,N,avoir,VER,N
avoir,VER,v,Y,avoir,VER,Y
avouer,VER,v,Y,avouer,VER,Y
baisser,VER,v,Y,baisser,VER,Y
baliverne,NOM,n,Y,baliverne,NOM,Y
ballet,NOM,n,Y,ballet,NOM,Y
banque,NOM,n,Y,banque,NOM,Y
baobab,NOM,n,Y,baobab,NOM,Y
battre,VER,v,Y,battre,VER,Y
beau,ADJ,adj,Y,beau,ADJ,Y
beau,ADJ,n,Y,beau,ADJ,Y
beaucoup,ADV,adv,Y,beaucoup,ADV,Y
beauté,NOM,n,Y,beauté,NOM,Y
belles,ADJ,v,Y,belles,ADJ,Y
berçai,XXX,n,Y,berçai,XXX,Y
besoin,NOM,n,Y,besoin,NOM,Y
bien,ADV,adv,Y,bien,ADV,Y
bientôt,ADV,adv,Y,bientôt,ADV,Y
bizarre,ADJ,adj,Y,bizarre,ADJ,Y
bizarre,ADJ,n,Y,bizarre,ADJ,Y
blé,NOM,n,Y,blé,NOM,Y
blé,NOM,nc,Y,blé,NOM,Y
boa,NOM,n,Y,boa,NOM,Y
boa,NOM,nc,Y,boa,NOM,Y
boire,NOM,v,Y,boire,NOM,Y
boire,VER,v,Y,boire,VER,Y
bon,ADJ,adj,Y,bon,ADJ,Y
bond,NOM,n,Y,bond,NOM,Y
bonheur,NOM,n,Y,bonheur,NOM,Y
bonhomme,NOM,n,Y,bonhomme,NOM,Y
bonjour,NOM,n,Y,bonjour,NOM,Y
bonjour,NOM,np,Y,bonjour,NOM,Y
bonsoir,NOM,n,Y,bonsoir,NOM,Y
bonté,NOM,n,Y,bonté,NOM,Y
bouche,NOM,n,Y,bouche,NOM,Y
bouger,VER,v,Y,bouger,VER,Y
boulon,NOM,n,Y,boulon,NOM,Y
bout,NOM,n,Y,bout,NOM,Y
bouteille,NOM,n,Y,bouteille,NOM,Y
bouteille,NOM,nc,Y,bouteille,NOM,Y
bouton,NOM,n,Y,bouton,NOM,Y
boîte,NOM,n,Y,boîte,NOM,Y
bracelet,NOM,n,Y,bracelet,NOM,Y
bras,NOM,n,Y,bras,NOM,Y
bredouiller,VER,v,Y,bredouiller,VER,Y
breveter,VER,v,Y,breveter,VER,Y
bridge,NOM,n,Y,bridge,NOM,Y
brillent,VER,n,Y,brillent,VER,Y
brindille,NOM,n,Y,brindille,NOM,Y
brindille,NOM,nc,Y,brindille,NOM,Y
bruire,NOM,v,Y,bruire,NOM,Y
bruit,NOM,n,Y,bruit,NOM,Y
brusquement,ADV,adv,Y,brusquement,ADV,Y
brusquement,ADV,v,Y,brusquement,ADV,Y
brusquerie,NOM,n,Y,brusquerie,NOM,Y
brûler,VER,v,Y,brûler,VER,Y
bureau,NOM,n,Y,bureau,NOM,Y
businessman,NOM,n,Y,businessman,NOM,Y
businessman,NOM,nc,Y,businessman,NOM,Y
but,NOM,n,Y,but,NOM,Y
buveur,NOM,n,Y,buveur,NOM,Y
bâilla,VER,n,Y,bâilla,VER,Y
bâillant,VER,n,Y,bâillant,VER,Y
bâille,VER,n,Y,bâille,VER,Y
bâillement,NOM,n,Y,bâillement,NOM,Y
bâiller,VER,v,Y,bâiller,VER,Y
bélier,NOM,n,Y,bélier,NOM,Y
bénie,VER,n,Y,bénie,VER,Y
bête,ADJ,n,Y,bête,ADJ,Y
bête,NOM,n,Y,bête,NOM,Y
c'est-à-dire,ADV,n,Y,c'est-à-dire,ADV,Y
cabine,NOM,n,Y,cabine,NOM,Y
cache-nez,NOM,v,Y,cache-nez,NOM,Y
cacher,VER,v,Y,cacher,VER,Y
cadeau,NOM,n,Y,cadeau,NOM,Y
caisse,NOM,n,Y,caisse,NOM,Y
calcul,NOM,n,Y,calcul,NOM,Y
calcul,NOM,v,Y,calcul,NOM,Y
calendrier,NOM,n,Y,calendrier,NOM,Y
calme,NOM,adj,Y,calme,NOM,Y
camarade,NOM,n,Y,camarade,NOM,Y
cambouis,NOM,n,Y,cambouis,NOM,Y
capable,ADJ,adj,Y,capable,ADJ,Y
carabine,NOM,n,Y,carabine,NOM,Y
caravane,NOM,n,Y,caravane,NOM,Y
carreau,NOM,n,Y,carreau,NOM,Y
carrière,NOM,n,Y,carrière,NOM,Y
carrière,NOM,nc,Y,carrière,NOM,Y
carrosse,NOM,n,Y,carrosse,NOM,Y
casser,VER,v,Y,casser,VER,Y
catastrophe,NOM,n,Y,catastrophe,NOM,Y
cause,NOM,n,Y,cause,NOM,Y
causer,VER,v,Y,causer,VER,Y
ce,ADJ,det,N,ce,ADJ,N
ce,PRO,det,N,ce,PRO,N
cela,PRO,pro,N,cela,PRO,N
celui,PRO,pro,N,celui,PRO,N
celui-ci,PRO,pro,N,celui-ci,PRO,N
celui-là,PRO,pro,N,celui-là,PRO,N
cent,ADJ,n,Y,cent,ADJ,Y
cent,ADJ,nc,Y,cent,ADJ,Y
centaine,NOM,n,Y,centaine,NOM,Y
cependant,ADV,adv,Y,cependant,ADV,Y
certain,ADJ,adj,Y,certain,ADJ,Y
certain,ADJ,det,Y,certain,ADJ,Y
cesser,VER,v,Y,cesser,VER,Y
chacun,PRO,pro,Y,chacun,PRO,Y
chagrin,NOM,n,Y,chagrin,NOM,Y
chaise,NOM,n,Y,chaise,NOM,Y
chambre,NOM,n,Y,chambre,NOM,Y
champignon,NOM,n,Y,champignon,NOM,Y
champs,NOM,n,Y,champs,NOM,Y
chance,NOM,n,Y,chance,NOM,Y
chance,XXX,n,Y,chance,XXX,Y
change,VER,n,Y,change,VER,Y
changer,VER,v,Y,changer,VER,Y
chant,NOM,n,Y,chant,NOM,Y
chanter,VER,v,Y,chanter,VER,Y
chapeau,NOM,n,Y,chapeau,NOM,Y
chaque,ADJ,det,Y,chaque,ADJ,Y
chasser,NOM,v,Y,chasser,NOM,Y
chasser,VER,v,Y,chasser,VER,Y
chasseur,NOM,n,Y,chasseur,NOM,Y
chauffer,VER,n,Y,chauffer,VER,Y
chef-d'oeuvre,NOM,n,Y,chef-d'oeuvre,NOM,Y
cheminée,NOM,n,Y,cheminée,NOM,Y
chenille,NOM,n,Y,chenille,NOM,Y
cherche,VER,n,Y,cherche,VER,Y
chercher,VER,n,Y,chercher,VER,Y
chercher,VER,v,Y,chercher,VER,Y
cherchons,VER,n,Y,cherchons,VER,Y
cheveu,NOM,n,Y,cheveu,NOM,Y
cheveu,NOM,nc,Y,cheveu,NOM,Y
cheville,NOM,n,Y,cheville,NOM,Y
chez,PRE,prep,Y,chez,PRE,Y
chiffon,NOM,n,Y,chiffon,NOM,Y
chiffre,NOM,n,Y,chiffre,NOM,Y
choisir,VER,v,Y,choisir,VER,Y
choquer,VER,v,Y,choquer,VER,Y
chose,NOM,n,Y,chose,NOM,Y
choux,NOM,n,Y,choux,NOM,Y
chute,NOM,n,Y,chute,NOM,Y
ciel,NOM,n,Y,ciel,NOM,Y
cigarette,NOM,n,Y,cigarette,NOM,Y
cinq,ADJ,n,Y,cinq,ADJ,Y
cinquante-quatre,ADJ,n,Y,cinquante-quatre,ADJ,Y
cinquante-trois,ADJ,n,Y,cinquante-trois,ADJ,Y
cinquième,ADJ,adj,Y,cinquième,ADJ,Y
clef,NOM,n,Y,clef,NOM,Y
clore,VER,adj,Y,clore,VER,Y
coeur,NOM,n,Y,coeur,NOM,Y
coin,NOM,n,Y,coin,NOM,Y
collection,NOM,n,Y,collection,NOM,Y
collectionner,VER,v,Y,collectionner,VER,Y
colombe,NOM,n,Y,colombe,NOM,Y
colère,NOM,n,Y,colère,NOM,Y
combien,ADV,adv,Y,combien,ADV,Y
comme,CON,adv,Y,comme,CON,Y
comme,CON,csu,Y,comme,CON,Y
comme,CON,prep,Y,comme,CON,Y
commencer,VER,v,Y,commencer,VER,Y
comment,ADV,adv,Y,comment,ADV,Y
commença,VER,n,Y,commença,VER,Y
commode,ADJ,adj,Y,commode,ADJ,Y
compliquer,ADJ,v,Y,compliquer,ADJ,Y
compliqué,ADJ,adj,Y,compliqué,ADJ,Y
comprendras,VER,n,Y,comprendras,VER,Y
comprendre,VER,adj,Y,comprendre,VER,Y
comprendre,VER,v,Y,comprendre,VER,Y
compréhensif,ADJ,adj,Y,compréhensif,ADJ,Y
compte,NOM,n,Y,compte,NOM,Y
compter,NOM,v,Y,compter,NOM,Y
condamner,VER,v,Y,condamner,VER,Y
condamneras,VER,n,Y,condamneras,VER,Y
condition,NOM,n,Y,condition,NOM,Y
confiance,NOM,n,Y,confiance,NOM,Y
confidence,NOM,n,Y,confidence,NOM,Y
confier,VER,v,Y,confier,VER,Y
confondre,VER,v,Y,confondre,VER,Y
confrère,NOM,n,Y,confrère,NOM,Y
confus,ADJ,n,Y,confus,ADJ,Y
congrès,NOM,n,Y,congrès,NOM,Y
connaissance,NOM,n,Y,connaissance,NOM,Y
connaissent,VER,n,Y,connaissent,VER,Y
connaître,VER,n,Y,connaître,VER,Y
connaître,VER,v,Y,connaître,VER,Y
connu,VER,adj,Y,connu,VER,Y
conseiller,VER,v,Y,conseiller,VER,Y
conserver,VER,v,Y,conserver,VER,Y
considérable,ADJ,adj,Y,considérable,ADJ,Y
considérer,VER,v,Y,considérer,VER,Y
consigne,NOM,n,Y,consigne,NOM,Y
consoler,VER,v,Y,consoler,VER,Y
consolé,VER,adj,Y,consolé,VER,Y
consolé,VER,n,Y,consolé,VER,Y
consulter,VER,v,Y,consulter,VER,Y
conséquent,ADJ,n,Y,conséquent,ADJ,Y
contact,NOM,n,Y,contact,NOM,Y
contemplation,NOM,n,Y,contemplation,NOM,Y
contenir,VER,v,Y,contenir,VER,Y
content,ADJ,adj,Y,content,ADJ,Y
contente,ADJ,n,Y,contente,ADJ,Y
conter,ADJ,adv,Y,conter,ADJ,Y
conter,ADJ,v,Y,conter,ADJ,Y
continent,NOM,n,Y,continent,NOM,Y
contradictoires,ADJ,n,Y,contradictoires,ADJ,Y
contraire,NOM,adj,Y,contraire,NOM,Y
contre,PRE,prep,Y,contre,PRE,Y
convaincre,ADJ,v,Y,convaincre,ADJ,Y
copie,NOM,n,Y,copie,NOM,Y
coquelicot,NOM,n,Y,coquelicot,NOM,Y
coqueter,ADJ,v,Y,coqueter,ADJ,Y
corde,NOM,n,Y,corde,NOM,Y
corne,NOM,n,Y,corne,NOM,Y
corps,NOM,n,Y,corps,NOM,Y
costume,NOM,n,Y,costume,NOM,Y
cou,NOM,n,Y,cou,NOM,Y
coucher,NOM,n,Y,coucher,NOM,Y
coucher,VER,n,Y,coucher,VER,Y
coucher,VER,v,Y,coucher,VER,Y
couler,VER,v,Y,couler,VER,Y
couleur,NOM,n,Y,couleur,NOM,Y
couleur,NOM,nc,Y,couleur,NOM,Y
coulisse,NOM,n,Y,coulisse,NOM,Y
coup,NOM,n,Y,coup,NOM,Y
courage,NOM,nc,Y,courage,NOM,Y
couramment,ADV,adv,Y,couramment,ADV,Y
courant,NOM,n,Y,courant,NOM,Y
courir,VER,v,Y,courir,VER,Y
courroie,NOM,n,Y,courroie,NOM,Y
cours,NOM,n,Y,cours,NOM,Y
course,NOM,n,Y,course,NOM,Y
court,ADJ,adj,Y,court,ADJ,Y
craindre,VER,v,Y,craindre,VER,Y
cramoisi,ADJ,adj,Y,cramoisi,ADJ,Y
cravate,NOM,n,Y,cravate,NOM,Y
crayon,NOM,n,Y,crayon,NOM,Y
crayon,NOM,v,Y,crayon,NOM,Y
crayonner,XXX,v,Y,crayonner,XXX,Y
creuser,VER,v,Y,creuser,VER,Y
crier,VER,v,Y,crier,VER,Y
crise,NOM,n,Y,crise,NOM,Y
croire,VER,v,Y,croire,VER,Y
croître,VER,n,Y,croître,VER,Y
créer,VER,v,Y,créer,VER,Y
crépuscule,NOM,n,Y,crépuscule,NOM,Y
cueillir,VER,v,Y,cueillir,VER,Y
cuir,NOM,n,Y,cuir,NOM,Y
cultiver,VER,v,Y,cultiver,VER,Y
curieux,ADJ,adj,Y,curieux,ADJ,Y
curiosité,NOM,n,Y,curiosité,NOM,Y
côté,NOM,n,Y,côté,NOM,Y
danger,NOM,n,Y,danger,NOM,Y
danger,NOM,v,Y,danger,NOM,Y
dangereux,ADJ,adj,Y,dangereux,ADJ,Y
dans,PRE,prep,Y,dans,PRE,Y
danse,NOM,n,Y,danse,NOM,Y
danser,VER,v,Y,danser,VER,Y
de,ART,prep,N,de,ART,N
de,PRE,det,N,de,PRE,N
de,PRE,prep,N,de,PRE,N
debout,ADV,adj,Y,debout,ADV,Y
debout,ADV,n,Y,debout,ADV,Y
dedans,ADV,n,Y,dedans,ADV,Y
demain,ADV,adv,Y,demain,ADV,Y
demanda,VER,n,Y,demanda,VER,Y
demandai,VER,n,Y,demandai,VER,Y
demander,VER,v,Y,demander,VER,Y
demeurer,VER,v,Y,demeurer,VER,Y
demi,ADJ,n,Y,demi,ADJ,Y
depuis,PRE,prep,Y,depuis,PRE,Y
dernier,ADJ,adj,Y,dernier,ADJ,Y
dernier,ADJ,n,Y,dernier,ADJ,Y
derrière,PRE,prep,Y,derrière,PRE,Y
dessin,NOM,n,Y,dessin,NOM,Y
dessin,NOM,nc,Y,dessin,NOM,Y
dessin,NOM,v,Y,dessin,NOM,Y
dessine,VER,n,Y,dessine,VER,Y
dessiner,VER,v,Y,dessiner,VER,Y
deux,ADJ,n,Y,deux,ADJ,Y
devant,PRE,prep,Y,devant,PRE,Y
devenir,VER,v,Y,devenir,VER,Y
deviens,VER,n,Y,deviens,VER,Y
devinai,VER,n,Y,devinai,VER,Y
deviner,VER,v,Y,deviner,VER,Y
devoir,VER,v,Y,devoir,VER,Y
diamant,NOM,n,Y,diamant,NOM,Y
dictateur,NOM,n,Y,dictateur,NOM,Y
difficile,ADJ,adj,Y,difficile,ADJ,Y
difficulté,NOM,n,Y,difficulté,NOM,Y
différent,ADJ,adj,Y,différent,ADJ,Y
différent,ADJ,adv,Y,différent,ADJ,Y
digestion,NOM,n,Y,digestion,NOM,Y
digérer,VER,v,Y,digérer,VER,Y
dimension,NOM,n,Y,dimension,NOM,Y
dire,VER,v,Y,dire,VER,Y
disais,VER,n,Y,disais,VER,Y
discipline,NOM,n,Y,discipline,NOM,Y
discret,ADJ,adj,Y,discret,ADJ,Y
disparition,NOM,n,Y,disparition,NOM,Y
distingue,VER,n,Y,distingue,VER,Y
distraction,NOM,n,Y,distraction,NOM,Y
distraire,VER,v,Y,distraire,VER,Y
dit,VER,adj,Y,dit,VER,Y
dix,ADJ,n,Y,dix,ADJ,Y
doigt,NOM,n,Y,doigt,NOM,Y
donc,CON,adv,Y,donc,CON,Y
donner,VER,v,Y,donner,VER,Y
donnée,VER,n,Y,donnée,VER,Y
dont,PRO,prel,Y,dont,PRO,Y
dorer,ADJ,v,Y,dorer,ADJ,Y
dormir,VER,v,Y,dormir,VER,Y
dort,VER,n,Y,dort,VER,Y
doré,ADJ,n,Y,doré,ADJ,Y
double,ADJ,adj,Y,double,ADJ,Y
doucement,ADV,adv,Y,doucement,ADV,Y
douceur,NOM,n,Y,douceur,NOM,Y
doute,NOM,n,Y,doute,NOM,Y
douter,VER,v,Y,douter,VER,Y
doux,ADJ,n,Y,doux,ADJ,Y
douze,ADJ,n,Y,douze,ADJ,Y
drame,NOM,n,Y,drame,NOM,Y
dresser,VER,v,Y,dresser,VER,Y
droit,NOM,n,Y,droit,NOM,Y
droite,NOM,n,Y,droite,NOM,Y
drôle,ADJ,n,Y,drôle,ADJ,Y
drôle,ADJ,v,Y,drôle,ADJ,Y
du,ART,det,N,du,ART,N
dune,NOM,n,Y,dune,NOM,Y
dur,ADJ,adj,Y,dur,ADJ,Y
durant,PRE,prep,Y,durant,PRE,Y
durer,VER,v,Y,durer,VER,Y
dès,PRE,prep,Y,dès,PRE,Y
débarrasser,VER,v,Y,débarrasser,VER,Y
décider,VER,v,Y,décider,VER,Y
décidément,ADV,adv,Y,décidément,ADV,Y
décidément,ADV,v,Y,décidément,ADV,Y
décoiffer,VER,v,Y,décoiffer,VER,Y
déconcerté,ADJ,n,Y,déconcerté,ADJ,Y
décourager,VER,v,Y,décourager,VER,Y
découverte,NOM,n,Y,découverte,NOM,Y
découvrir,VER,v,Y,découvrir,VER,Y
décrire,VER,n,Y,décrire,VER,Y
décrire,VER,v,Y,décrire,VER,Y
défaire,VER,v,Y,défaire,VER,Y
défendre,VER,v,Y,défendre,VER,Y
définitivement,ADV,adv,Y,définitivement,ADV,Y
déjeuner,NOM,v,Y,déjeuner,NOM,Y
déjà,ADV,adv,Y,déjà,ADV,Y
démoder,XXX,v,Y,démoder,XXX,Y
démonstration,NOM,n,Y,démonstration,NOM,Y
démontage,NOM,n,Y,démontage,NOM,Y
départ,NOM,n,Y,départ,NOM,Y
dépendre,VER,v,Y,dépendre,VER,Y
dépenser,VER,v,Y,dépenser,VER,Y
dérangea,VER,n,Y,dérangea,VER,Y
déranger,VER,v,Y,déranger,VER,Y
désert,NOM,n,Y,désert,NOM,Y
désigner,VER,v,Y,désigner,VER,Y
désirais,VER,n,Y,désirais,VER,Y
désirer,VER,v,Y,désirer,VER,Y
désobéir,VER,n,Y,désobéir,VER,Y
désobéissance,NOM,n,Y,désobéissance,NOM,Y
détail,NOM,n,Y,détail,NOM,Y
détail,NOM,nc,Y,détail,NOM,Y
détenir,NOM,v,Y,détenir,NOM,Y
dévisser,VER,v,Y,dévisser,VER,Y
déçu,VER,adj,Y,déçu,VER,Y
eau,NOM,n,Y,eau,NOM,Y
effet,NOM,n,Y,effet,NOM,Y
efforcer,VER,v,Y,efforcer,VER,Y
effort,NOM,n,Y,effort,NOM,Y
embaumer,VER,v,Y,embaumer,VER,Y
embellir,VER,v,Y,embellir,VER,Y
emporter,VER,v,Y,emporter,VER,Y
empêcher,VER,v,Y,empêcher,VER,Y
en,PRE,prep,N,en,PRE,N
enchanter,VER,v,Y,enchanter,VER,Y
encombrant,ADJ,adj,Y,encombrant,ADJ,Y
encombrer,NOM,v,Y,encombrer,NOM,Y
encombrer,VER,v,Y,encombrer,VER,Y
encore,ADV,adv,Y,encore,ADV,Y
encre,NOM,n,Y,encre,NOM,Y
endormir,VER,v,Y,endormir,VER,Y
endort,VER,n,Y,endort,VER,Y
endroit,NOM,n,Y,endroit,NOM,Y
enfant,NOM,n,Y,enfant,NOM,Y
enfermer,VER,v,Y,enfermer,VER,Y
enfin,ADV,adv,Y,enfin,ADV,Y
enfoncer,VER,v,Y,enfoncer,VER,Y
enfoui,VER,n,Y,enfoui,VER,Y
enfourner,VER,v,Y,enfourner,VER,Y
enfuir,VER,v,Y,enfuir,VER,Y
enhardir,VER,v,Y,enhardir,VER,Y
enjamber,NOM,v,Y,enjamber,NOM,Y
enlever,VER,v,Y,enlever,VER,Y
ennui,NOM,n,Y,ennui,NOM,Y
ennuyer,VER,v,Y,ennuyer,VER,Y
ennuyeux,ADJ,adj,Y,ennuyeux,ADJ,Y
enquérir,VER,v,Y,enquérir,VER,Y
enquête,NOM,n,Y,enquête,NOM,Y
enrhumer,VER,v,Y,enrhumer,VER,Y
enrouler,VER,v,Y,enrouler,VER,Y
ensemble,ADV,n,Y,ensemble,ADV,Y
ensoleillée,ADJ,n,Y,ensoleillée,ADJ,Y
ensuite,ADV,adv,Y,ensuite,ADV,Y
entasser,VER,v,Y,entasser,VER,Y
entendis,VER,n,Y,entendis,VER,Y
entendre,VER,v,Y,entendre,VER,Y
entends,VER,n,Y,entends,VER,Y
entier,ADJ,adj,Y,entier,ADJ,Y
entourer,VER,v,Y,entourer,VER,Y
entraîner,VER,v,Y,entraîner,VER,Y
entre,PRE,prep,Y,entre,PRE,Y
entrer,VER,v,Y,entrer,VER,Y
entretenir,VER,v,Y,entretenir,VER,Y
entrevoir,VER,v,Y,entrevoir,VER,Y
entrouvert,ADJ,adj,Y,entrouvert,ADJ,Y
entrée,NOM,n,Y,entrée,NOM,Y
envie,NOM,n,Y,envie,NOM,Y
environ,ADV,adv,Y,environ,ADV,Y
erreur,NOM,n,Y,erreur,NOM,Y
es,VER,n,N,es,VER,N
escamoter,VER,v,Y,escamoter,VER,Y
espoir,NOM,n,Y,espoir,NOM,Y
esprit,NOM,n,Y,esprit,NOM,Y
espèce,NOM,n,Y,espèce,NOM,Y
espérance,NOM,n,Y,espérance,NOM,Y
essayer,VER,v,Y,essayer,VER,Y
essentiel,NOM,n,Y,essentiel,NOM,Y
essentiellement,ADV,adv,Y,essentiellement,ADV,Y
est,VER,v,N,est,VER,N
et,CON,coo,N,et,CON,N
européen,ADJ,adj,Y,européen,ADJ,Y
exact,ADJ,adj,Y,exact,ADJ,Y
exception,NOM,n,Y,exception,NOM,Y
exemplaire,ADJ,n,Y,exemplaire,ADJ,Y
exemple,NOM,n,Y,exemple,NOM,Y
exercice,NOM,n,Y,exercice,NOM,Y
exiger,VER,v,Y,exiger,VER,Y
exigerai,VER,n,Y,exigerai,VER,Y
exister,VER,v,Y,exister,VER,Y
expert,NOM,n,Y,expert,NOM,Y
explication,NOM,n,Y,explication,NOM,Y
expliquer,VER,v,Y,expliquer,VER,Y
explorateur,NOM,adj,Y,explorateur,NOM,Y
explorateur,NOM,n,Y,explorateur,NOM,Y
expédier,VER,v,Y,expédier,VER,Y
expérience,NOM,n,Y,expérience,NOM,Y
extraordinaire,ADJ,adj,Y,extraordinaire,ADJ,Y
extraordinaire,ADJ,n,Y,extraordinaire,ADJ,Y
extrêmement,ADV,adv,Y,extrêmement,ADV,Y
exécuter,VER,v,Y,exécuter,VER,Y
fabriquer,VER,v,Y,fabriquer,VER,Y
facile,ADJ,adj,Y,facile,ADJ,Y
faible,ADJ,adj,Y,faible,ADJ,Y
faibles,ADJ,v,Y,faibles,ADJ,Y
faim,NOM,n,Y,faim,NOM,Y
fainéant,NOM,n,Y,fainéant,NOM,Y
faire,VER,v,Y,faire,VER,Y
fais,VER,n,Y,fais,VER,Y
fait,VER,n,Y,fait,VER,Y
faites,VER,n,Y,faites,VER,Y
falloir,NOM,v,Y,falloir,NOM,Y
falloir,VER,v,Y,falloir,VER,Y
familier,ADJ,adj,Y,familier,ADJ,Y
fantaisie,NOM,n,Y,fantaisie,NOM,Y
fatigant,ADJ,adj,Y,fatigant,ADJ,Y
fatigue,NOM,n,Y,fatigue,NOM,Y
fatiguer,VER,v,Y,fatiguer,VER,Y
faufiler,VER,v,Y,faufiler,VER,Y
faute,NOM,n,Y,faute,NOM,Y
fauve,NOM,n,Y,fauve,NOM,Y
faux,ADJ,n,Y,faux,ADJ,Y
favorable,ADJ,adj,Y,favorable,ADJ,Y
façon,NOM,n,Y,façon,NOM,Y
fenêtre,NOM,n,Y,fenêtre,NOM,Y
fermement,ADV,adv,Y,fermement,ADV,Y
fermer,ADJ,v,Y,fermer,ADJ,Y
fermer,VER,v,Y,fermer,VER,Y
feuille,NOM,n,Y,feuille,NOM,Y
feux,NOM,n,Y,feux,NOM,Y
fidèle,ADJ,n,Y,fidèle,ADJ,Y
fidèle,ADJ,v,Y,fidèle,ADJ,Y
fidélité,NOM,n,Y,fidélité,NOM,Y
fier,ADJ,adj,Y,fier,ADJ,Y
fier,ADJ,n,Y,fier,ADJ,Y
fier,ADJ,v,Y,fier,ADJ,Y
fille,NOM,n,Y,fille,NOM,Y
finir,VER,v,Y,finir,VER,Y
fis,VER,n,Y,fis,VER,Y
fièvre,NOM,n,Y,fièvre,NOM,Y
flamme,NOM,n,Y,flamme,NOM,Y
fleur,NOM,n,Y,fleur,NOM,Y
fleurir,ADJ,v,Y,fleurir,ADJ,Y
fleurir,VER,v,Y,fleurir,VER,Y
fleuve,NOM,n,Y,fleuve,NOM,Y
flâner,VER,v,Y,flâner,VER,Y
fois,NOM,n,Y,fois,NOM,Y
fond,NOM,n,Y,fond,NOM,Y
fontaine,NOM,n,Y,fontaine,NOM,Y
forcer,VER,v,Y,forcer,VER,Y
forme,NOM,n,Y,forme,NOM,Y
fort,ADV,adj,Y,fort,ADV,Y
forêt,NOM,n,Y,forêt,NOM,Y
fou,ADJ,n,Y,fou,ADJ,Y
foudre,NOM,n,Y,foudre,NOM,Y
fouiller,VER,v,Y,fouiller,VER,Y
foulard,NOM,n,Y,foulard,NOM,Y
fournir,VER,v,Y,fournir,VER,Y
fragile,ADJ,adj,Y,fragile,ADJ,Y
frais,ADJ,adj,Y,frais,ADJ,Y
franc,NOM,n,Y,franc,NOM,Y
frappe,VER,n,Y,frappe,VER,Y
frapper,VER,v,Y,frapper,VER,Y
fripée,ADJ,n,Y,fripée,ADJ,Y
froid,ADJ,adj,Y,froid,ADJ,Y
front,NOM,nc,Y,front,NOM,Y
front,NOM,v,Y,front,NOM,Y
frotter,VER,v,Y,frotter,VER,Y
fruit,NOM,n,Y,fruit,NOM,Y
frère,NOM,n,Y,frère,NOM,Y
frôler,VER,v,Y,frôler,VER,Y
fusil,NOM,n,Y,fusil,NOM,Y
fée,NOM,n,Y,fée,NOM,Y
fête,NOM,n,Y,fête,NOM,Y
gagner,VER,v,Y,gagner,VER,Y
gagnes,VER,n,Y,gagnes,VER,Y
garçon,NOM,n,Y,garçon,NOM,Y
gauche,NOM,n,Y,gauche,NOM,Y
genou,NOM,n,Y,genou,NOM,Y
genre,NOM,n,Y,genre,NOM,Y
gens,NOM,n,Y,gens,NOM,Y
gentil,ADJ,n,Y,gentil,ADJ,Y
gentil,ADJ,v,Y,gentil,ADJ,Y
gentiment,ADV,adv,Y,gentiment,ADV,Y
germer,VER,v,Y,germer,VER,Y
geste,NOM,n,Y,geste,NOM,Y
girouette,NOM,n,Y,girouette,NOM,Y
glacer,ADJ,v,Y,glacer,ADJ,Y
globe,NOM,n,Y,globe,NOM,Y
golf,NOM,n,Y,golf,NOM,Y
gonfler,VER,v,Y,gonfler,VER,Y
goutte,NOM,n,Y,goutte,NOM,Y
gouvernement,NOM,n,Y,gouvernement,NOM,Y
gracieras,VER,n,Y,gracieras,VER,Y
graine,NOM,n,Y,graine,NOM,Y
grammaire,NOM,n,Y,grammaire,NOM,Y
grand,ADJ,adj,Y,grand,ADJ,Y
grand,XXX,adj,Y,grand,XXX,Y
grand-chose,ADJ,n,Y,grand-chose,ADJ,Y
grandiose,ADJ,adj,Y,grandiose,ADJ,Y
grandir,VER,v,Y,grandir,VER,Y
granit,NOM,n,Y,granit,NOM,Y
grave,ADJ,adj,Y,grave,ADJ,Y
gravement,ADV,adv,Y,gravement,ADV,Y
grelot,NOM,n,Y,grelot,NOM,Y
griffe,NOM,n,Y,griffe,NOM,Y
griffonner,VER,v,Y,griffonner,VER,Y
grincheux,ADJ,adj,Y,grincheux,ADJ,Y
gronder,VER,v,Y,gronder,VER,Y
gros,ADJ,adj,Y,gros,ADJ,Y
gros,ADJ,n,Y,gros,ADJ,Y
grâce,PRE,n,Y,grâce,PRE,Y
guerre,NOM,n,Y,guerre,NOM,Y
guide,NOM,n,Y,guide,NOM,Y
guère,ADV,advneg,Y,guère,ADV,Y
gère,VER,n,Y,gère,VER,Y
gémir,VER,v,Y,gémir,VER,Y
général,NOM,n,Y,général,NOM,Y
géographe,NOM,n,Y,géographe,NOM,Y
géographe,NOM,nc,Y,géographe,NOM,Y
géographe,NOM,v,Y,géographe,NOM,Y
géographie,NOM,n,Y,géographie,NOM,Y
géranium,NOM,n,Y,géranium,NOM,Y
gêne,VER,n,Y,gêne,VER,Y
gêner,ADJ,v,Y,gêner,ADJ,Y
gêner,VER,v,Y,gêner,VER,Y
habiller,VER,v,Y,habiller,VER,Y
habit,NOM,n,Y,habit,NOM,Y
habitant,NOM,n,Y,habitant,NOM,Y
habiter,ADJ,v,Y,habiter,ADJ,Y
habiter,VER,v,Y,habiter,VER,Y
habiterai,VER,n,Y,habiterai,VER,Y
halte,ONO,v,Y,halte,ONO,Y
hanneton,NOM,n,Y,hanneton,NOM,Y
hasard,NOM,n,Y,hasard,NOM,Y
hasard,NOM,v,Y,hasard,NOM,Y
hausser,VER,v,Y,hausser,VER,Y
hausser,XXX,v,Y,hausser,XXX,Y
haut,ADJ,adj,Y,haut,ADJ,Y
haute,ADJ,n,Y,haute,ADJ,Y
hem,ONO,n,Y,hem,ONO,Y
herbe,NOM,n,Y,herbe,NOM,Y
hermine,NOM,n,Y,hermine,NOM,Y
heure,NOM,n,Y,heure,NOM,Y
heureusement,ADV,adv,Y,heureusement,ADV,Y
heureux,ADJ,adj,Y,heureux,ADJ,Y
hisser,VER,v,Y,hisser,VER,Y
histoire,NOM,n,Y,histoire,NOM,Y
hocher,VER,v,Y,hocher,VER,Y
homme,NOM,n,Y,homme,NOM,Y
homme,XXX,n,Y,homme,XXX,Y
honnête,ADJ,n,Y,honnête,ADJ,Y
honte,NOM,n,Y,honte,NOM,Y
honte,NOM,nc,Y,honte,NOM,Y
horreur,NOM,n,Y,horreur,NOM,Y
horreur,NOM,v,Y,horreur,NOM,Y
hors,PRE,prep,Y,hors,PRE,Y
huit,ADJ,n,Y,huit,ADJ,Y
huitième,NOM,adj,Y,huitième,NOM,Y
hum,ONO,n,Y,hum,ONO,Y
humanité,NOM,n,Y,humanité,NOM,Y
humeur,NOM,n,Y,humeur,NOM,Y
humilier,VER,n,Y,humilier,VER,Y
humilier,VER,v,Y,humilier,VER,Y
hâte,NOM,n,Y,hâte,NOM,Y
hâter,VER,v,Y,hâter,VER,Y
hésitant,VER,n,Y,hésitant,VER,Y
hésiter,VER,v,Y,hésiter,VER,Y
ici,ADV,adv,N,ici,ADV,N
idée,NOM,n,Y,idée,NOM,Y
idée,NOM,v,Y,idée,NOM,Y
ignorer,VER,v,Y,ignorer,VER,Y
il,PRO,cln,N,il,PRO,N
il,PRO,cln,Y,il,PRO,Y
il,XXX,cln,N,il,XXX,N
illuminer,VER,v,Y,illuminer,VER,Y
illuminé,VER,adj,Y,illuminé,VER,Y
image,NOM,n,Y,image,NOM,Y
imagination,NOM,n,Y,imagination,NOM,Y
imaginer,VER,v,Y,imaginer,VER,Y
immensité,NOM,n,Y,immensité,NOM,Y
immobile,ADJ,adj,Y,immobile,ADJ,Y
impitoyable,ADJ,adj,Y,impitoyable,ADJ,Y
importance,NOM,n,Y,importance,NOM,Y
important,ADJ,adj,Y,important,ADJ,Y
importer,VER,v,Y,importer,VER,Y
imposa,VER,n,Y,imposa,VER,Y
impressionner,ADJ,adv,Y,impressionner,ADJ,Y
inconvénient,NOM,n,Y,inconvénient,NOM,Y
inde,NOM,n,Y,inde,NOM,Y
indication,NOM,n,Y,indication,NOM,Y
indiscipline,NOM,n,Y,indiscipline,NOM,Y
indulgence,NOM,n,Y,indulgence,NOM,Y
indulgent,ADJ,adj,Y,indulgent,ADJ,Y
infliger,VER,v,Y,infliger,VER,Y
informer,VER,v,Y,informer,VER,Y
injuste,ADJ,adj,Y,injuste,ADJ,Y
inoffensif,ADJ,adj,Y,inoffensif,ADJ,Y
inquiéter,VER,v,Y,inquiéter,VER,Y
installation,NOM,n,Y,installation,NOM,Y
installer,VER,v,Y,installer,VER,Y
instant,NOM,n,Y,instant,NOM,Y
instruire,VER,v,Y,instruire,VER,Y
insuccès,NOM,n,Y,insuccès,NOM,Y
intelligence,NOM,n,Y,intelligence,NOM,Y
intelligent,ADJ,n,Y,intelligent,ADJ,Y
interdis,VER,n,Y,interdis,VER,Y
international,ADJ,adj,Y,international,ADJ,Y
interroge,VER,n,Y,interroge,VER,Y
interrogea,VER,n,Y,interrogea,VER,Y
interroger,VER,v,Y,interroger,VER,Y
interrompre,VER,v,Y,interrompre,VER,Y
intimide,VER,n,Y,intimide,VER,Y
intriguer,VER,v,Y,intriguer,VER,Y
intrigué,VER,adj,Y,intrigué,VER,Y
intéressant,ADJ,adj,Y,intéressant,ADJ,Y
intéressants,ADJ,n,Y,intéressants,ADJ,Y
intéresser,VER,v,Y,intéresser,VER,Y
intérieur,NOM,n,Y,intérieur,NOM,Y
intérêt,NOM,n,Y,intérêt,NOM,Y
inutile,ADJ,adj,Y,inutile,ADJ,Y
invention,NOM,n,Y,invention,NOM,Y
inverse,NOM,adj,Y,inverse,NOM,Y
invisible,ADJ,adj,Y,invisible,ADJ,Y
ira,VER,n,Y,ira,VER,Y
irriter,VER,v,Y,irriter,VER,Y
irrité,VER,n,Y,irrité,VER,Y
irréparable,ADJ,n,Y,irréparable,ADJ,Y
isolé,ADJ,n,Y,isolé,ADJ,Y
ivrogne,NOM,n,Y,ivrogne,NOM,Y
jamais,ADV,adv,Y,jamais,ADV,Y
jambe,NOM,n,Y,jambe,NOM,Y
jardin,NOM,n,Y,jardin,NOM,Y
jaune,ADJ,adj,Y,jaune,ADJ,Y
je,PRO,pro,N,je,PRO,N
je,XXX,pro,N,je,XXX,N
jet,NOM,n,Y,jet,NOM,Y
jeter,VER,v,Y,jeter,VER,Y
jeu,NOM,n,Y,jeu,NOM,Y
jeudi,NOM,n,Y,jeudi,NOM,Y
jeune,ADJ,adj,Y,jeune,ADJ,Y
joli,ADJ,adj,Y,joli,ADJ,Y
joli,ADJ,n,Y,joli,ADJ,Y
joli,ADJ,v,Y,joli,ADJ,Y
jolie,ADJ,v,Y,jolie,ADJ,Y
jolis,ADJ,v,Y,jolis,ADJ,Y
jouer,VER,v,Y,jouer,VER,Y
jour,NOM,n,Y,jour,NOM,Y
journée,NOM,n,Y,journée,NOM,Y
juge,NOM,n,Y,juge,NOM,Y
juger,VER,v,Y,juger,VER,Y
jungle,NOM,n,Y,jungle,NOM,Y
jusque,XXX,prep,Y,jusque,XXX,Y
juste,ADJ,adv,Y,juste,ADJ,Y
justement,ADV,adv,Y,justement,ADV,Y
justice,NOM,n,Y,justice,NOM,Y
laid,ADJ,v,Y,laid,ADJ,Y
laisse,VER,n,Y,laisse,VER,Y
laisser,VER,v,Y,laisser,VER,Y
lampe,NOM,n,Y,lampe,NOM,Y
lampion,NOM,n,Y,lampion,NOM,Y
lancer,VER,v,Y,lancer,VER,Y
langage,NOM,n,Y,langage,NOM,Y
lança,VER,n,Y,lança,VER,Y
large,ADJ,n,Y,large,ADJ,Y
larme,NOM,n,Y,larme,NOM,Y
lassitude,NOM,n,Y,lassitude,NOM,Y
le,ART,det,N,le,ART,N
le,ART,det,Y,le,ART,Y
lendemain,NOM,n,Y,lendemain,NOM,Y
lentement,ADV,adv,Y,lentement,ADV,Y
lever,VER,adv,Y,lever,VER,Y
lever,VER,v,Y,lever,VER,Y
leçon,NOM,n,Y,leçon,NOM,Y
lien,NOM,n,Y,lien,NOM,Y
lieu,NOM,n,Y,lieu,NOM,Y
lire,VER,v,Y,lire,VER,Y
livre,NOM,n,Y,livre,NOM,Y
locomotive,NOM,n,Y,locomotive,NOM,Y
loger,VER,v,Y,loger,VER,Y
loin,ADV,adv,Y,loin,ADV,Y
long,ADJ,adj,Y,long,ADJ,Y
long,ADJ,n,Y,long,ADJ,Y
longtemps,ADV,adv,Y,longtemps,ADV,Y
lorsque,CON,csu,Y,lorsque,CON,Y
lorsque,XXX,csu,Y,lorsque,XXX,Y
louange,NOM,n,Y,louange,NOM,Y
lourd,ADV,n,Y,lourd,ADV,Y
lucide,ADJ,adj,Y,lucide,ADJ,Y
lueur,NOM,n,Y,lueur,NOM,Y
lugubre,ADJ,adj,Y,lugubre,ADJ,Y
lui,PRO,pro,N,lui,PRO,N
lui,PRO,pro,Y,lui,PRO,Y
lui-même,PRO,pro,N,lui-même,PRO,N
lumière,NOM,n,Y,lumière,NOM,Y
lune,NOM,n,Y,lune,NOM,Y
lune,NOM,nc,Y,lune,NOM,Y
là,ADV,adv,N,là,ADV,N
là-bas,ADV,adv,N,là-bas,ADV,N
là-bas,ADV,n,N,là-bas,ADV,N
là-dessus,ADV,n,N,là-dessus,ADV,N
là-haut,ADV,v,N,là-haut,ADV,N
lâcher,VER,v,Y,lâcher,VER,Y
lèvre,NOM,n,Y,lèvre,NOM,Y
légende,NOM,n,Y,légende,NOM,Y
léger,ADJ,adj,Y,léger,ADJ,Y
légère,ADJ,n,Y,légère,ADJ,Y
machine,NOM,n,Y,machine,NOM,Y
magnifique,ADJ,adj,Y,magnifique,ADJ,Y
magnifique,ADJ,n,Y,magnifique,ADJ,Y
main,NOM,n,Y,main,NOM,Y
maintenant,ADV,adv,Y,maintenant,ADV,Y
maison,NOM,n,Y,maison,NOM,Y
majestueusement,ADV,v,Y,majestueusement,ADV,Y
majestueux,ADJ,adj,Y,majestueux,ADJ,Y
mal,ADV,adv,Y,mal,ADV,Y
mal,ADV,n,Y,mal,ADV,Y
malade,ADJ,adj,Y,malade,ADJ,Y
maladroit,ADJ,adj,Y,maladroit,ADJ,Y
malentendu,NOM,n,Y,malentendu,NOM,Y
malgré,PRE,prep,Y,malgré,PRE,Y
malheur,NOM,n,Y,malheur,NOM,Y
malheureusement,ADV,adv,Y,malheureusement,ADV,Y
malheureux,ADJ,adj,Y,malheureux,ADJ,Y
mange,VER,n,Y,mange,VER,Y
manger,VER,v,Y,manger,VER,Y
manger,XXX,v,Y,manger,XXX,Y
manquer,VER,v,Y,manquer,VER,Y
manteau,NOM,n,Y,manteau,NOM,Y
manteau,NOM,nc,Y,manteau,NOM,Y
marchand,NOM,n,Y,marchand,NOM,Y
marche,VER,n,Y,marche,VER,Y
marcher,NOM,v,Y,marcher,NOM,Y
marcher,VER,v,Y,marcher,VER,Y
marcheras,VER,n,Y,marcheras,VER,Y
margelle,NOM,n,Y,margelle,NOM,Y
mars,NOM,n,Y,mars,NOM,Y
marteau,NOM,n,Y,marteau,NOM,Y
matin,NOM,n,Y,matin,NOM,Y
mauvais,ADJ,adj,Y,mauvais,ADJ,Y
mauvais,ADJ,n,Y,mauvais,ADJ,Y
meeting,NOM,n,Y,meeting,NOM,Y
meilleur,ADJ,adj,Y,meilleur,ADJ,Y
menacer,VER,v,Y,menacer,VER,Y
mener,VER,v,Y,mener,VER,Y
mensonge,NOM,n,Y,mensonge,NOM,Y
mentir,VER,v,Y,mentir,VER,Y
mer,NOM,n,Y,mer,NOM,Y
mer,NOM,v,Y,mer,NOM,Y
merveilleux,ADJ,adj,Y,merveilleux,ADJ,Y
messe,NOM,n,Y,messe,NOM,Y
mesure,NOM,n,Y,mesure,NOM,Y
mettre,VER,v,Y,mettre,VER,Y
meurt,VER,n,Y,meurt,VER,Y
midi,NOM,nc,Y,midi,NOM,Y
miel,NOM,n,Y,miel,NOM,Y
mienne,PRO,n,Y,mienne,PRO,Y
miennes,PRO,n,Y,miennes,PRO,Y
mieux,ADV,adv,Y,mieux,ADV,Y
migration,NOM,n,Y,migration,NOM,Y
milieu,NOM,n,Y,milieu,NOM,Y
mille,ADJ,n,Y,mille,ADJ,Y
mille,ADJ,nc,Y,mille,ADJ,Y
mille,ADJ,v,Y,mille,ADJ,Y
mille,NOM,n,Y,mille,NOM,Y
milliard,NOM,n,Y,milliard,NOM,Y
million,NOM,n,Y,million,NOM,Y
mince,ONO,n,Y,mince,ONO,Y
ministre,NOM,n,Y,ministre,NOM,Y
minuit,NOM,n,Y,minuit,NOM,Y
minuscule,ADJ,n,Y,minuscule,ADJ,Y
minute,NOM,n,Y,minute,NOM,Y
miraculeux,ADJ,adj,Y,miraculeux,ADJ,Y
miser,VER,v,Y,miser,VER,Y
modeste,ADJ,adj,Y,modeste,ADJ,Y
modestement,ADV,adv,Y,modestement,ADV,Y
modestement,ADV,v,Y,modestement,ADV,Y
modèle,NOM,n,Y,modèle,NOM,Y
moi,NOM,n,Y,moi,NOM,Y
moi,PRO,n,N,moi,PRO,N
moi-même,PRO,n,N,moi-même,PRO,N
moindre,ADJ,adj,Y,moindre,ADJ,Y
moins,ADV,adv,Y,moins,ADV,Y
monarque,NOM,nc,Y,monarque,NOM,Y
monde,NOM,n,Y,monde,NOM,Y
monder,NOM,v,Y,monder,NOM,Y
monotone,ADJ,adj,Y,monotone,ADJ,Y
monotonie,NOM,n,Y,monotonie,NOM,Y
montagne,NOM,n,Y,montagne,NOM,Y
montrer,VER,v,Y,montrer,VER,Y
moquer,VER,v,Y,moquer,VER,Y
moraliste,NOM,n,Y,moraliste,NOM,Y
moralité,NOM,n,Y,moralité,NOM,Y
morde,VER,n,Y,morde,VER,Y
mordre,VER,v,Y,mordre,VER,Y
morsure,NOM,n,Y,1,,
mort,NOM,n,Y,11,,
mot,NOM,n,Y,4,,
moteur,NOM,n,Y,3,,
mouche,NOM,n,Y,1,,
mouchoir,NOM,n,Y,1,,
mouiller,VER,v,Y,1,,
mourir,VER,v,Y,6,,
mouton,NOM,n,Y,33,,
moutons,NOM,n,Y,6,,
mouvement,NOM,n,Y,2,,
moyen,NOM,n,Y,1,,
ms,ART,det,Y,47,,
mur,NOM,n,Y,5,,
muselière,NOM,n,Y,5,,
musique,NOM,n,Y,3,,
mystère,NOM,n,Y,2,,
mystère,NOM,nc,Y,1,,
mystérieux,ADJ,adj,Y,3,,
mâcher,VER,n,Y,1,,
mèche,NOM,n,Y,1,,
mètre,NOM,n,Y,1,,
mécanicien,NOM,nc,Y,1,,
méchanceté,NOM,nc,Y,1,,
méchant,ADJ,adj,Y,1,,
méditatif,ADJ,adj,Y,1,,
médité,VER,n,Y,1,,
mélancolie,NOM,n,Y,4,,
mélancolique,ADJ,adj,Y,2,,
mélange,VER,n,Y,1,,
mémoire,NOM,n,Y,1,,
mépriser,VER,v,Y,1,,
métal,NOM,n,Y,1,,
métier,NOM,n,Y,3,,
même,ADJ,adj,Y,2,,
même,ADV,adj,Y,4,,
même,ADV,adv,Y,18,,
naufragé,NOM,n,Y,1,,
navire,XXX,n,Y,1,,
naître,VER,v,Y,3,,
naïf,ADJ,n,Y,1,,
naïve,ADJ,v,Y,1,,
naïvement,ADV,adv,Y,1,,
naïves,ADJ,v,Y,1,,
ne,ADV,clneg,N,313,,
neige,NOM,n,Y,2,,
neuf,ADJ,adj,Y,1,,
nez,NOM,n,Y,1,,
ni,CON,coo,Y,15,,
noir,ADJ,n,Y,1,,
nom,NOM,n,Y,2,,
nombre,NOM,n,Y,1,,
nombreux,ADJ,adj,Y,1,,
non,ADV,adv,Y,22,,
nonchalance,NOM,n,Y,1,,
nord,NOM,n,Y,2,,
note,NOM,n,Y,1,,
noter,NOM,v,Y,1,,
noter,VER,v,Y,3,,
nouveau,ADJ,adj,Y,4,,
nouveau,ADJ,n,Y,6,,
nuit,NOM,n,Y,19,,
nul,ADJ,adj,Y,1,,
numéro,NOM,n,Y,3,,
numéro,NOM,nc,Y,4,,
numéro,NOM,v,Y,1,,
nègre,NOM,adj,Y,1,,
négliger,VER,v,Y,1,,
objecter,VER,v,Y,1,,
objet,NOM,n,Y,1,,
obliger,VER,v,Y,1,,
obéir,VER,v,Y,5,,
obéissance,NOM,n,Y,1,,
occupation,NOM,n,Y,2,,
occupe,VER,n,Y,1,,
occuper,VER,v,Y,4,,
océan,NOM,n,Y,3,,
oeil,NOM,n,Y,4,,
oiseau,NOM,n,Y,3,,
oiseau,NOM,nc,Y,1,,
oisiveté,NOM,n,Y,1,,
ombrageux,ADJ,adj,Y,1,,
onze,ADJ,n,Y,3,,
onze,ADJ,nc,Y,1,,
opinion,NOM,n,Y,1,,
opéra,NOM,n,Y,1,,
or,NOM,n,Y,4,,
ordinaire,ADJ,adj,Y,2,,
ordonner,VER,v,Y,9,,
ordre,NOM,n,Y,7,,
oreille,NOM,n,Y,2,,
orgueil,NOM,n,Y,1,,
orgueilleuse,ADJ,v,Y,1,,
origine,NOM,n,Y,1,,
orner,VER,v,Y,1,,
oser,VER,v,Y,3,,
ou,CON,coo,N,24,,
oublier,VER,n,Y,3,,
oublier,VER,v,Y,11,,
oui,ADV,n,Y,6,,
outil,NOM,n,Y,1,,
ouvert,VER,adj,Y,1,,
ouvrir,ADJ,v,Y,3,,
ouvrir,VER,v,Y,3,,
p,ART,det,N,11,,
pacifique,ADJ,n,Y,1,,
pain,NOM,n,Y,1,,
paix,NOM,n,Y,1,,
pan,ONO,n,Y,1,,
panne,NOM,n,Y,3,,
papier,NOM,n,Y,3,,
papillon,NOM,n,Y,4,,
paquet,NOM,n,Y,1,,
par,PRE,prep,Y,48,,
par,VER,n,Y,2,,
paravent,NOM,n,Y,1,,
paravent,NOM,nc,Y,2,,
paraître,VER,v,Y,9,,
pardon,ONO,v,Y,1,,
pardonner,VER,v,Y,1,,
paresseux,ADJ,adj,Y,1,,
paresseux,ADJ,n,Y,1,,
parfait,XXX,v,Y,1,,
parfois,ADV,adv,Y,1,,
parlais,VER,n,Y,1,,
parler,VER,v,Y,13,,
parles,VER,n,Y,1,,
part,NOM,n,Y,7,,
partir,VER,v,Y,2,,
partout,ADV,adv,Y,1,,
parvenir,VER,v,Y,3,,
pas,ADV,adv,N,177,,
pas,ADV,n,N,2,,
passager,NOM,n,Y,1,,
passant,VER,n,Y,1,,
passer,VER,v,Y,5,,
patience,NOM,n,Y,1,,
patient,NOM,n,Y,1,,
patte,NOM,n,Y,1,,
pauvre,ADJ,n,Y,1,,
pays,NOM,n,Y,1,,
peine,NOM,n,Y,10,,
peiner,VER,v,Y,1,,
peintre,NOM,nc,Y,2,,
pencher,VER,v,Y,3,,
pendant,ADJ,adj,Y,1,,
pendant,PRE,prep,Y,4,,
penser,VER,v,Y,4,,
pensum,NOM,n,Y,1,,
pensée,NOM,n,Y,1,,
perdre,VER,v,Y,6,,
perdu,VER,n,Y,1,,
perfectionné,VER,adj,Y,1,,
perfore,VER,n,Y,1,,
perplexe,ADJ,adj,Y,1,,
personne,NOM,n,Y,21,,
personne,PRO,n,Y,10,,
personne,PRO,v,Y,8,,
peser,VER,v,Y,1,,
petit,ADJ,adj,Y,217,,
petite,ADJ,v,Y,1,,
peu,NOM,adv,Y,41,,
peuple,NOM,n,Y,2,,
peupler,VER,v,Y,1,,
peur,NOM,n,Y,9,,
peut-être,ADV,adv,N,1,,
peut-être,ADV,adv,Y,8,,
peut-être,VER,adv,N,1,,
pied,NOM,n,Y,2,,
pierre,NOM,n,Y,4,,
piloter,VER,v,Y,1,,
pilule,NOM,n,Y,1,,
piquet,NOM,n,Y,1,,
pire,ADJ,adj,Y,1,,
pitié,NOM,nc,Y,1,,
place,NOM,n,Y,8,,
placer,VER,v,Y,1,,
plaindre,VER,v,Y,2,,
plaire,VER,v,Y,4,,
plaisir,NOM,n,Y,4,,
plante,NOM,n,Y,2,,
planète,NOM,n,Y,59,,
planète,NOM,nc,Y,7,,
plein,ADJ,adj,Y,1,,
pleines,ADJ,n,Y,1,,
pleurer,VER,v,Y,8,,
pli,NOM,n,Y,1,,
plonger,VER,v,Y,2,,
plus,ADV,adv,Y,62,,
plutôt,ADV,adv,Y,1,,
poche,NOM,n,Y,4,,
point,NOM,n,Y,7,,
pointu,ADJ,adj,Y,1,,
poliment,ADV,adv,Y,2,,
politique,NOM,n,Y,1,,
pommier,NOM,n,Y,1,,
ponctuellement,ADV,adv,Y,1,,
population,NOM,n,Y,1,,
porter,VER,v,Y,1,,
portrait,NOM,n,Y,2,,
portée,NOM,n,Y,1,,
poser,VER,v,Y,6,,
possible,ADJ,adj,Y,3,,
possèdes,VER,n,Y,1,,
posséder,VER,v,Y,14,,
poule,NOM,n,Y,5,,
poulie,NOM,n,Y,7,,
poupée,NOM,n,Y,1,,
pour,PRE,prep,Y,99,,
pourpre,ADJ,n,Y,1,,
pourquoi,ADV,adv,Y,7,,
poursuivre,VER,v,Y,5,,
pourtant,ADV,adv,Y,1,,
pousse,VER,n,Y,1,,
pousser,VER,v,Y,2,,
pouvoir,CON,v,Y,1,,
pouvoir,VER,v,Y,42,,
poétique,ADJ,adj,Y,1,,
premier,ADJ,adj,Y,11,,
prendre,VER,v,Y,12,,
presser,VER,v,Y,2,,
preuve,NOM,n,Y,4,,
prince,NOM,n,Y,171,,
prix,NOM,n,Y,1,,
problème,NOM,n,Y,3,,
prochain,ADJ,adj,Y,2,,
proche,ADJ,adj,Y,1,,
profiter,VER,v,Y,1,,
proie,NOM,v,Y,1,,
projet,NOM,n,Y,1,,
promener,VER,v,Y,2,,
promesse,NOM,n,Y,2,,
promène,VER,n,Y,1,,
prononcer,VER,v,Y,1,,
proposer,VER,v,Y,1,,
proposition,NOM,n,Y,1,,
protéger,VER,v,Y,2,,
provision,NOM,n,Y,1,,
près,PRE,adv,Y,2,,
préambule,NOM,nc,Y,1,,
précieux,ADJ,adj,Y,1,,
précis,ADJ,adj,Y,1,,
précision,NOM,n,Y,1,,
précédent,ADJ,n,Y,1,,
préférer,VER,v,Y,1,,
préparatif,NOM,n,Y,1,,
préparer,VER,v,Y,5,,
présence,NOM,n,Y,2,,
prêt,ADJ,adj,Y,1,,
public,ADJ,adj,Y,1,,
puisque,CON,csu,Y,10,,
puisque,XXX,csu,Y,2,,
puissant,ADJ,adj,Y,1,,
puissant,ADJ,v,Y,1,,
puits,NOM,n,Y,7,,
puits,NOM,nc,Y,4,,
pur,ADJ,n,Y,1,,
pâle,ADJ,adj,Y,1,,
pâle,ADJ,v,Y,2,,
père,NOM,n,Y,1,,
pétale,NOM,n,Y,3,,
pôle,NOM,n,Y,2,,
qu',XXX,adv,N,4,,
quand,CON,adv,Y,1,,
quand,CON,csu,Y,45,,
quarante,ADJ,n,Y,3,,
quarante-quatre,NUM,n,Y,2,,
quatre,ADJ,n,Y,10,,
quatrième,ADJ,adj,Y,2,,
que,PRO,adv,N,7,,
quel,ADJ,det,Y,4,,
quelconque,ADJ,adj,Y,1,,
quelqu'un,PRO,pro,N,2,,
quelqu'un,PRO,pro,Y,1,,
quelqu'un,XXX,pro,Y,1,,
quelque,ADJ,det,Y,13,,
quelquefois,ADV,adv,Y,4,,
question,NOM,n,Y,14,,
questionner,VER,v,Y,1,,
quinze,ADJ,nc,Y,1,,
quinze,ADJ,np,Y,1,,
quitter,VER,v,Y,4,,
racine,NOM,n,Y,2,,
raconter,VER,v,Y,5,,
radeau,NOM,n,Y,1,,
radis,NOM,n,Y,1,,
raison,NOM,n,Y,2,,
raisonnable,ADJ,adj,Y,5,,
raisonnement,NOM,n,Y,1,,
raisonner,VER,v,Y,1,,
ralluma,VER,n,Y,1,,
rallumer,VER,n,Y,1,,
rallumer,VER,v,Y,2,,
ramena,VER,n,Y,1,,
ramoner,VER,v,Y,3,,
ramoner,XXX,v,Y,3,,
rancune,NOM,n,Y,1,,
rang,NOM,n,Y,1,,
rapide,ADJ,adj,Y,4,,
rapide,ADJ,n,Y,1,,
rappeler,VER,v,Y,3,,
rapporte,VER,n,Y,1,,
rare,ADJ,adj,Y,1,,
rare,ADJ,v,Y,1,,
rassura,VER,n,Y,1,,
rassurer,VER,v,Y,2,,
rat,NOM,nc,Y,2,,
ravir,ADJ,v,Y,1,,
ravissant,ADJ,adj,Y,1,,
ravissante,ADJ,n,Y,1,,
rayonnement,NOM,n,Y,2,,
rayonnement,NOM,v,Y,1,,
rayonner,VER,v,Y,1,,
recevoir,VER,v,Y,4,,
recommencer,VER,v,Y,1,,
recommença,VER,n,Y,1,,
recompte,VER,n,Y,1,,
reconnaître,VER,v,Y,4,,
redescendre,VER,v,Y,1,,
redevenir,VER,v,Y,1,,
refaire,VER,v,Y,3,,
refuser,VER,v,Y,1,,
regard,NOM,n,Y,1,,
regarda,VER,n,Y,3,,
regarde,VER,n,Y,1,,
regarder,VER,adv,Y,1,,
regarder,VER,v,Y,20,,
regarderas,VER,n,Y,1,,
registre,NOM,n,Y,1,,
regret,NOM,n,Y,2,,
regretter,VER,v,Y,2,,
regrettes,VER,n,Y,1,,
rejoindre,VER,n,Y,2,,
relever,VER,v,Y,1,,
remarquer,VER,v,Y,4,,
remettre,VER,v,Y,3,,
remord,NOM,n,Y,1,,
remuer,VER,v,Y,1,,
renard,NOM,n,Y,34,,
renard,NOM,nc,Y,2,,
rencontrer,NOM,v,Y,1,,
rencontrer,VER,v,Y,2,,
rendez-vous,NOM,n,Y,1,,
rendre,VER,v,Y,2,,
rends,VER,n,Y,1,,
renoncer,VER,v,Y,3,,
rentrer,VER,v,Y,3,,
repartir,VER,v,Y,2,,
repos,NOM,n,Y,1,,
reposer,VER,v,Y,4,,
reprendre,VER,v,Y,4,,
reproche,NOM,n,Y,1,,
représenter,VER,v,Y,3,,
respecter,VER,v,Y,1,,
respectueusement,ADV,v,Y,1,,
respirer,VER,v,Y,3,,
responsable,ADJ,adj,Y,5,,
ressemblants,ADJ,n,Y,1,,
ressembler,VER,v,Y,12,,
reste,VER,n,Y,2,,
rester,VER,v,Y,3,,
retenir,VER,v,Y,1,,
retournais,VER,n,Y,1,,
retourner,VER,v,Y,1,,
retrouver,VER,v,Y,2,,
revenir,VER,v,Y,9,,
reviendras,VER,n,Y,1,,
revoir,NOM,v,Y,3,,
revoir,VER,v,Y,1,,
revolver,NOM,v,Y,1,,
rhumatisme,NOM,n,Y,1,,
rhume,NOM,n,Y,1,,
riche,ADJ,adj,Y,3,,
riche,ADJ,v,Y,1,,
ridicule,ADJ,adj,Y,2,,
rien,PRO,pro,Y,45,,
rire,VER,n,Y,7,,
rire,VER,v,Y,17,,
risque,NOM,n,Y,2,,
risquer,NOM,v,Y,1,,
rite,NOM,n,Y,3,,
roc,NOM,n,Y,1,,
roc,NOM,nc,Y,1,,
roi,NOM,n,Y,31,,
roi,NOM,nc,Y,4,,
roi,XXX,n,Y,1,,
rond,NOM,n,Y,1,,
ronds,NOM,v,Y,1,,
rose,ADJ,adj,Y,1,,
rose,ADJ,n,Y,10,,
rose,NOM,adj,Y,1,,
rose,NOM,n,Y,8,,
roser,ADJ,v,Y,1,,
rosier,NOM,n,Y,2,,
rouge,ADJ,adj,Y,2,,
rougir,VER,v,Y,5,,
rougissant,VER,n,Y,1,,
rouillé,VER,adj,Y,1,,
route,NOM,n,Y,4,,
royaume,NOM,n,Y,1,,
ruine,NOM,n,Y,1,,
réchauffer,VER,v,Y,1,,
récit,NOM,n,Y,1,,
réflexion,NOM,n,Y,3,,
réfléchir,VER,v,Y,1,,
région,NOM,n,Y,4,,
régler,VER,v,Y,1,,
régner,VER,v,Y,3,,
régulièrement,ADV,adv,Y,2,,
réjouir,VER,n,Y,1,,
répandre,VER,v,Y,1,,
réparation,NOM,n,Y,1,,
réparer,VER,v,Y,1,,
répliquer,VER,v,Y,2,,
répondis,VER,n,Y,2,,
répondre,VER,v,Y,47,,
répondre,XXX,v,Y,1,,
répondu,VER,adj,Y,1,,
réponse,NOM,n,Y,2,,
réputation,NOM,n,Y,2,,
répéter,VER,v,Y,7,,
réserve,NOM,n,Y,1,,
résister,VER,v,Y,1,,
résoudre,VER,v,Y,1,,
réussir,VER,adv,Y,2,,
réussir,VER,n,Y,2,,
réussir,VER,v,Y,5,,
réussis,VER,n,Y,1,,
réveille,VER,n,Y,1,,
réveiller,VER,v,Y,4,,
réverbère,NOM,n,Y,18,,
révolution,NOM,n,Y,1,,
révéler,VER,v,Y,1,,
révélé,VER,n,Y,1,,
rêvasser,VER,v,Y,2,,
rêver,VER,v,Y,1,,
rêverie,NOM,n,Y,1,,
s'en_aller,VER,np,Y,1,,
s'en_aller,VER,v,Y,2,,
sable,NOM,n,Y,11,,
sage,ADJ,n,Y,1,,
sagesse,NOM,n,Y,1,,
saharien,ADJ,n,Y,2,,
saluer,VER,v,Y,5,,
salée,ADJ,n,Y,1,,
sanglot,NOM,n,Y,1,,
sans,PRE,prep,Y,17,,
satisfait,VER,adj,Y,1,,
sauf,PRE,prep,Y,3,,
sauter,VER,v,Y,2,,
sauvage,ADJ,n,Y,1,,
savant,NOM,adj,Y,1,,
savant,NOM,n,Y,1,,
savoir,VER,v,Y,45,,
science,NOM,n,Y,1,,
scène,NOM,n,Y,1,,
seau,NOM,n,Y,3,,
sec,ADJ,adj,Y,1,,
second,ADJ,adj,Y,1,,
second,NOM,n,Y,1,,
seconde,NOM,adj,Y,5,,
secouer,VER,v,Y,1,,
secourir,VER,v,Y,1,,
secret,NOM,n,Y,5,,
semaine,NOM,n,Y,3,,
semblable,ADJ,adj,Y,5,,
semblable,NOM,adj,Y,2,,
sembler,NOM,v,Y,2,,
sembler,VER,v,Y,8,,
sens,VER,n,Y,2,,
sentiment,NOM,n,Y,2,,
sentir,VER,v,Y,8,,
sept,ADJ,n,Y,9,,
septième,ADJ,adj,Y,1,,
seras,VER,n,Y,5,,
serpent,NOM,n,Y,18,,
serpent,NOM,nc,Y,3,,
serrais,VER,n,Y,1,,
serrer,ADJ,v,Y,2,,
serré,ADJ,adj,Y,2,,
servir,VER,n,Y,1,,
servir,VER,v,Y,12,,
seul,ADJ,adj,Y,30,,
seulement,ADV,adv,Y,3,,
si,ADV,adv,N,3,,
si,ADV,csu,N,67,,
sienne,PRO,n,Y,1,,
signifier,VER,v,Y,11,,
silence,NOM,n,Y,10,,
simple,ADJ,adj,Y,5,,
simplement,ADV,adv,Y,3,,
simplicité,NOM,n,Y,1,,
simplifié,VER,adj,Y,1,,
sinon,CON,adv,Y,2,,
sire,NOM,n,Y,2,,
six,ADJ,n,Y,13,,
sixième,ADJ,adj,Y,1,,
siéger,VER,v,Y,1,,
soi-même,PRO,n,N,1,,
soi-même,PRO,n,Y,1,,
soif,NOM,n,Y,9,,
soigner,VER,v,Y,1,,
soigneusement,ADV,adv,Y,2,,
soin,NOM,n,Y,1,,
soir,NOM,n,Y,9,,
soixante-deux,ADJ,n,Y,1,,
soixante-douze,NUM,n,Y,1,,
sol,NOM,n,Y,1,,
soleil,NOM,n,Y,22,,
solliciter,VER,v,Y,1,,
son,ADJ,det,N,226,,
son,ADJ,det,Y,21,,
son,PRO,det,N,18,,
songer,VER,v,Y,2,,
sorte,NOM,n,Y,2,,
sorti,VER,adj,Y,1,,
sortir,VER,v,Y,6,,
sot,NOM,n,Y,1,,
soucieux,ADJ,adj,Y,2,,
soudain,ADV,adv,Y,2,,
souffler,VER,v,Y,1,,
souffrir,VER,v,Y,1,,
souhaiter,VER,v,Y,1,,
soulever,VER,v,Y,3,,
soupir,NOM,n,Y,2,,
soupirer,VER,v,Y,1,,
source,NOM,n,Y,1,,
sourire,NOM,n,Y,3,,
sourire,VER,v,Y,2,,
sous,PRE,prep,Y,10,,
souvenir,NOM,n,Y,4,,
souvenir,VER,n,Y,1,,
souvenir,VER,v,Y,7,,
splendide,ADJ,adj,Y,1,,
stupéfait,ADJ,v,Y,3,,
stylographe,NOM,n,Y,1,,
su,VER,n,Y,1,,
suffire,VER,v,Y,3,,
suffit,VER,n,Y,5,,
suivant,ADJ,adj,Y,1,,
sujet,NOM,n,Y,3,,
supporter,VER,v,Y,2,,
sur,PRE,prep,Y,68,,
surprendre,VER,v,Y,6,,
surprise,NOM,n,Y,1,,
surtout,ADV,adv,Y,2,,
surveiller,VER,v,Y,2,,
sérieux,ADJ,adj,Y,20,,
sûr,ADJ,adj,Y,23,,
sûrement,ADV,adv,Y,1,,
t,PRO,n,Y,10,,
t',PRO,adv,N,2,,
t',PRO,v,N,1,,
table,NOM,n,Y,1,,
tabouret,NOM,n,Y,1,,
taille,NOM,n,Y,1,,
tailler,VER,v,Y,1,,
taire,VER,v,Y,10,,
tandis_que,CON,UNRESOLVED,N,1,,
tant,ADV,adv,Y,6,,
tard,ADV,adv,Y,5,,
tas,NOM,n,Y,4,,
te,PRO,n,Y,2,,
tel,ADJ,adj,Y,1,,
tellement,ADV,adv,Y,13,,
tellement,ADV,n,Y,2,,
tellement,ADV,v,Y,1,,
tempe,NOM,n,Y,1,,
temps,NOM,n,Y,14,,
tendresse,NOM,n,Y,1,,
tenir,VER,v,Y,5,,
tentative,NOM,n,Y,1,,
terminer,VER,v,Y,1,,
terre,NOM,n,Y,11,,
terrible,ADJ,adj,Y,1,,
terribles,ADJ,n,Y,1,,
terribles,ADJ,v,Y,1,,
terrier,NOM,n,Y,1,,
tien,ONO,n,Y,2,,
tien,PRO,n,Y,1,,
tienne,PRO,n,Y,1,,
tiennes,PRO,n,Y,1,,
tigre,NOM,n,Y,4,,
timidement,ADV,adv,Y,1,,
timidement,ADV,n,Y,1,,
tirer,VER,v,Y,5,,
tiroir,NOM,n,Y,1,,
toi,PRO,n,N,17,,
toilette,NOM,n,Y,3,,
toit,NOM,n,Y,1,,
tolérer,VER,v,Y,2,,
tombe,VER,n,Y,1,,
tomber,VER,v,Y,6,,
tombé,VER,adj,Y,2,,
ton,ADJ,adv,N,2,,
ton,ADJ,n,N,5,,
tonnerre,NOM,n,Y,2,,
tort,NOM,n,Y,3,,
toucher,VER,v,Y,2,,
toujours,ADV,adv,Y,23,,
tour,NOM,n,Y,8,,
tourmenter,VER,v,Y,2,,
tourner,VER,v,Y,2,,
tousser,VER,v,Y,3,,
tout,ADJ,adj,Y,34,,
tout,ADJ,det,Y,11,,
tout,ADJ,pro,Y,2,,
tout,PRO,adj,Y,9,,
tout,PRO,adv,Y,30,,
tout,PRO,det,Y,9,,
tout,PRO,n,Y,3,,
tout,PRO,pro,Y,4,,
tout,XXX,adj,Y,1,,
toux,NOM,n,Y,1,,
trace,NOM,n,Y,1,,
tracer,VER,v,Y,1,,
tragédie,NOM,n,Y,1,,
train,NOM,n,Y,1,,
traiter,VER,v,Y,1,,
tranquille,ADJ,adj,Y,1,,
tranquille,ADJ,n,Y,1,,
travail,NOM,n,Y,6,,
travailler,VER,v,Y,4,,
travaux,NOM,n,Y,1,,
travers,NOM,n,Y,2,,
traverser,VER,v,Y,1,,
traîne,VER,n,Y,1,,
trembler,VER,v,Y,4,,
trente,ADJ,n,Y,6,,
trier,VER,v,Y,1,,
triste,ADJ,adj,Y,8,,
trois,ADJ,n,Y,15,,
troisième,ADJ,adj,Y,3,,
tromper,VER,v,Y,4,,
trop,ADV,adv,Y,28,,
trou,NOM,n,Y,1,,
troupeau,NOM,n,Y,3,,
trouva,VER,n,Y,1,,
trouver,VER,v,Y,14,,
trouves,VER,n,Y,1,,
très,ADV,adv,Y,49,,
trésor,NOM,n,Y,3,,
trône,NOM,n,Y,1,,
tu,PRO,adj,N,1,,
tu,PRO,n,N,48,,
tu,PRO,pro,N,1,,
tuer,VER,v,Y,1,,
turc,ADJ,adj,Y,2,,
tut,VER,n,Y,1,,
tâche,NOM,n,Y,2,,
tâtonner,VER,v,Y,1,,
télescope,NOM,n,Y,2,,
tête,NOM,n,Y,6,,
un,ART,det,N,131,,
un,ART,det,Y,420,,
un,ART,pro,Y,16,,
un,PRE,det,N,9,,
un,PRO,n,Y,2,,
unique,ADJ,adj,Y,8,,
univers,NOM,n,Y,2,,
universel,ADJ,n,Y,1,,
urgence,NOM,n,Y,1,,
utile,ADJ,adj,Y,5,,
vacance,NOM,n,Y,1,,
valoir,VER,v,Y,2,,
vaniteux,ADJ,adj,Y,5,,
vaniteux,ADJ,n,Y,7,,
vanité,NOM,n,Y,1,,
vanter,VER,v,Y,1,,
vas,VER,n,Y,2,,
vaste,ADJ,adj,Y,1,,
vends,VER,n,Y,1,,
venin,NOM,n,Y,2,,
venir,VER,v,Y,25,,
vent,NOM,n,Y,3,,
vent,NOM,nc,Y,1,,
vent,NOM,v,Y,3,,
verras,VER,n,Y,1,,
verre,NOM,n,Y,2,,
vers,PRE,prep,Y,16,,
verser,VER,v,Y,1,,
vert,ADJ,adj,Y,1,,
verticalement,ADV,adv,Y,1,,
vexer,VER,adv,Y,1,,
vexé,VER,adj,Y,1,,
vide,ADJ,n,Y,1,,
vider,ADJ,v,Y,2,,
vie,NOM,n,Y,13,,
vieillir,VER,v,Y,1,,
vierge,NOM,adj,Y,1,,
vieux,ADJ,adj,Y,12,,
vigne,NOM,n,Y,1,,
vilain,ADJ,adj,Y,1,,
village,NOM,n,Y,3,,
ville,NOM,n,Y,3,,
vingt,ADJ,n,Y,3,,
vingt-deux,ADJ,n,Y,1,,
vingt-deux,NUM,n,Y,3,,
vingt-deux,NUM,np,Y,1,,
vingt-huit,NUM,n,Y,1,,
vingt-quatre,NUM,n,Y,1,,
vingt-six,NUM,n,Y,1,,
vint,VER,n,Y,1,,
vis,VER,n,Y,1,,
visage,NOM,n,Y,1,,
visite,NOM,n,Y,4,,
visiter,VER,v,Y,2,,
vite,ADV,adv,Y,5,,
vitre,NOM,n,Y,1,,
vivant,ADJ,n,Y,1,,
vivre,ONO,v,Y,1,,
vivre,VER,v,Y,2,,
voici,PRE,v,Y,4,,
voie,NOM,n,Y,1,,
voilà,PRE,v,Y,7,,
voir,VER,v,Y,39,,
voix,NOM,n,Y,4,,
volcan,NOM,n,Y,16,,
volcanique,ADJ,adj,Y,1,,
vole,VER,n,Y,1,,
voler,VER,v,Y,3,,
volonté,NOM,n,Y,1,,
vouloir,VER,v,Y,33,,
voyage,NOM,n,Y,7,,
voyager,VER,v,Y,4,,
voyageur,NOM,n,Y,2,,
vrai,ADJ,adj,Y,8,,
vraiment,ADV,adv,Y,5,,
vu,VER,adj,Y,1,,
véritable,ADJ,adj,Y,3,,
véritablement,ADV,adv,Y,2,,
vérité,NOM,n,Y,1,,
vît,VER,n,Y,1,,
yeux,NOM,n,Y,10,,
États-Unis,NOM,d'Amérique_np,Y,1,,
à,AUX,prep,N,1,,
à,PRE,prep,N,185,,
à,XXX,prep,Y,1,,
âge,NOM,n,Y,5,,
ébauche,NOM,n,Y,1,,
ébaucher,VER,v,Y,1,,
échange,NOM,n,Y,1,,
échapper,VER,v,Y,1,,
écho,NOM,n,Y,3,,
éclair,NOM,n,Y,1,,
éclairer,ADJ,v,Y,1,,
éclairer,VER,v,Y,2,,
éclat,NOM,n,Y,2,,
éclater,VER,v,Y,2,,
économie,NOM,n,Y,1,,
économiser,VER,v,Y,1,,
écorce,NOM,n,Y,3,,
écouter,VER,v,Y,5,,
écraser,VER,v,Y,1,,
écria,VER,n,Y,3,,
écrier,VER,v,Y,2,,
écrire,VER,v,Y,4,,
également,ADV,adv,Y,1,,
égarer,VER,v,Y,3,,
église,NOM,n,Y,1,,
électricité,NOM,n,Y,1,,
élever,VER,v,Y,1,,
éloignée,VER,n,Y,1,,
élégant,ADJ,adj,Y,1,,
éléphant,NOM,n,Y,5,,
émerveiller,VER,v,Y,1,,
émouvant,ADJ,adj,Y,1,,
émouvoir,VER,v,Y,3,,
énigme,NOM,n,Y,1,,
énorme,ADJ,adj,Y,1,,
énormes,ADJ,n,Y,1,,
énormément,ADV,adv,Y,1,,
épargne,VER,n,Y,1,,
éphémère,ADJ,adj,Y,4,,
éphémères,ADJ,v,Y,1,,
épine,NOM,n,Y,12,,
éponger,VER,v,Y,1,,
époque,NOM,n,Y,1,,
épouvantable,ADJ,adj,Y,1,,
éprouver,VER,v,Y,3,,
épuiser,VER,v,Y,1,,
éruption,NOM,n,Y,2,,
éteindre,VER,v,Y,12,,
éteins,VER,n,Y,1,,
éteint,ADJ,adj,Y,1,,
éteint,VER,n,Y,4,,
éteints,ADJ,n,Y,1,,
éternel,ADJ,adj,Y,2,,
étiquette,NOM,n,Y,1,,
étire,VER,n,Y,1,,
étoile,NOM,n,Y,48,,
étonnement,NOM,n,Y,1,,
étonner,VER,v,Y,2,,
étonné,VER,adj,Y,1,,
étrange,ADJ,adj,Y,1,,
étrange,ADJ,n,Y,1,,
étudier,VER,v,Y,1,,
évadé,VER,adj,Y,1,,
évasion,NOM,n,Y,1,,
éveillé,VER,n,Y,1,,
évidemment,ADV,adv,Y,1,,
évidence,NOM,n,Y,1,,
êtes,VER,n,Y,3,,
être,AUX,v,N,1,,
être,VER,v,N,15,,
être,VER,v,Y,15,,
île,NOM,n,Y,1,,
îlot,NOM,n,Y,1,,